{
  "parent": "builtin/generated",
  "display": {
    "thirdperson_righthand": {
      "rotation": [
        0,
        -90.0,
        55.0
      ],
      "translation": [
        0,
        7.5,
        0
      ],
      "scale": [
        1.5,
        1.5,
        1.5
      ]
    },
    "thirdperson_lefthand": {
      "rotation": [
        0,
        90.0,
        -55.0
      ],
      "translation": [
        0,
        7.5,
        0
      ],
      "scale": [
        1.5,
        1.5,
        1.5
      ]
    },
    "firstperson_righthand": {
      "rotation": [
        0,
        -90.0,
        25.0
      ],
      "translation": [
        0,
        4,
        2
      ],
      "scale": [
        0.84,
        0.84,
        0.84
      ]
    },
    "firstperson_lefthand": {
      "rotation": [
        0,
        90.0,
        -25.0
      ],
      "translation": [
        0,
        4,
        2
      ],
      "scale": [
        0.84,
        0.84,
        0.84
      ]
    }
  }
}