{
  "parent": "builtin/generated",
  "display": {
    "thirdperson_righthand": {
      "rotation": [
        0,
        270,
        -120
      ],
      "translation": [
        0,
        -4,
        3.75
      ],
      "scale": [
        0.85,
        0.85,
        0.85
      ]
    },
    "thirdperson_lefthand": {
      "rotation": [
        0,
        -270,
        120
      ],
      "translation": [
        0,
        -4,
        3.75
      ],
      "scale": [
        0.85,
        0.85,
        0.85
      ]
    },
    "firstperson_righthand": {
      "rotation": [
        -15,
        -90.0,
        30.0
      ],
      "translation": [
        0,
        4,
        0.5
      ],
      "scale": [
        0.55,
        0.55,
        0.55
      ]
    },
    "firstperson_lefthand": {
      "rotation": [
        -15,
        90.0,
        -30.0
      ],
      "translation": [
        0,
        4,
        0.5
      ],
      "scale": [
        0.55,
        0.55,
        0.55
      ]
    }
  }
}