{
    "parent": "builtin/generated",
    "display": {
        "thirdperson_righthand": {
            "rotation": [
                45,
                270,
                0
            ],
            "translation": [
                0,
                3,
                -1
            ]
        },
        "thirdperson_lefthand": {
            "rotation": [
                45,
                -270,
                0
            ],
            "translation": [
                0,
                3,
                -1
            ]
        },
        "firstperson_righthand": {
            "rotation": [
                0,
                -75,
                30
            ],
            "translation": [
                2.5,
                1.5,
                0
            ],
            "scale": [
                0.78,
                0.78,
                0.78
            ]
        },
        "firstperson_lefthand": {
            "rotation": [
                0,
                105,
                -30
            ],
            "translation": [
                2.5,
                1.5,
                0
            ],
            "scale": [
                0.78,
                0.78,
                0.78
            ]
        }
    }
}