{
	"textures": {
		"0": "cittofirmgenerated:item/biohazard_helmet_model"
	},
	"elements": [
		{
			"from": [4, -4, 4],
			"to": [12, 4, 12],
			"rotation": {"angle": 0, "axis": "y", "origin": [4, 0, 4]},
			"faces": {
				"north": {"uv": [0, 0, 4, 4], "texture": "#0"},
				"east": {"uv": [0, 4, 4, 8], "texture": "#0"},
				"south": {"uv": [4, 0, 8, 4], "texture": "#0"},
				"west": {"uv": [4, 4, 8, 8], "texture": "#0"},
				"up": {"uv": [4, 12, 0, 8], "texture": "#0"},
				"down": {"uv": [12, 0, 8, 4], "texture": "#0"}
			}
		},
		{
			"from": [3.75, -4.3, 3.85],
			"to": [12.25, 4.2, 12.1],
			"rotation": {"angle": 0, "axis": "y", "origin": [4, 0, 4]},
			"faces": {
				"north": {"uv": [4, 8, 8, 12], "texture": "#0"},
				"east": {"uv": [8, 4, 12, 8], "texture": "#0"},
				"south": {"uv": [8, 8, 12, 12], "texture": "#0"},
				"west": {"uv": [0, 12, 4, 16], "texture": "#0"},
				"up": {"uv": [16, 4, 12, 0], "texture": "#0"},
				"down": {"uv": [8, 12, 4, 16], "texture": "#0"}
			}
		},
		{
			"from": [6.25, -4, 2.5],
			"to": [9.65, -0.5, 4.25],
			"rotation": {"angle": 0, "axis": "y", "origin": [4.2, 0.5, -3.75]},
			"faces": {
				"north": {"uv": [12, 5, 13.5, 6.5], "texture": "#0"},
				"east": {"uv": [13.5, 10.5, 14.5, 13], "texture": "#0"},
				"south": {"uv": [12, 6.5, 13.5, 9], "texture": "#0"},
				"west": {"uv": [13.5, 13, 14.5, 15.5], "texture": "#0"},
				"up": {"uv": [16, 11.5, 14.5, 10.5], "texture": "#0"},
				"down": {"uv": [16, 11.5, 14.5, 12.5], "texture": "#0"}
			}
		},
		{
			"from": [11.9, -4.45, 1],
			"to": [15, -1.15, 5],
			"rotation": {"angle": -45, "axis": "y", "origin": [11, -0.25, 1]},
			"faces": {
				"north": {"uv": [13.5, 7.5, 15, 9], "texture": "#0"},
				"east": {"uv": [8, 12, 10, 13.5], "texture": "#0"},
				"south": {"uv": [14, 9, 15.5, 10.5], "texture": "#0"},
				"west": {"uv": [12, 9, 14, 10.5], "texture": "#0"},
				"up": {"uv": [11.5, 14, 10, 12], "texture": "#0"},
				"down": {"uv": [13.5, 10.5, 12, 12.5], "texture": "#0"}
			}
		},
		{
			"from": [2.4, -4.45, 4.6],
			"to": [5.5, -1.15, 8.6],
			"rotation": {"angle": 45, "axis": "y", "origin": [1.5, -0.25, 4.6]},
			"faces": {
				"north": {"uv": [9.5, 14, 11, 15.5], "texture": "#0"},
				"east": {"uv": [11.5, 12.5, 13.5, 14], "texture": "#0"},
				"south": {"uv": [11, 14, 12.5, 15.5], "texture": "#0"},
				"west": {"uv": [13.5, 4, 15.5, 5.5], "texture": "#0"},
				"up": {"uv": [15, 7.5, 13.5, 5.5], "texture": "#0"},
				"down": {"uv": [9.5, 13.5, 8, 15.5], "texture": "#0"}
			}
		}
	],
	"display": {
		  "head": {
			  "scale": [2, 2, 2],
		"translation": [0, 16, 0]
	  }
	}
  }