{
	"credit": "Made with Blockbench",
	"texture_size": [64, 32],
	"textures": {
		"4": "cittofirmgenerated:item/final_destination_helmet_model"
	},
	"elements": [
		{
			"name": "head",
			"from": [4, 23.5, 4],
			"to": [12, 31.5, 12],
			"faces": {
				"north": {"uv": [2, 4, 4, 8], "texture": "#4"},
				"east": {"uv": [0, 4, 2, 8], "texture": "#4"},
				"south": {"uv": [6, 4, 8, 8], "texture": "#4"},
				"west": {"uv": [4, 4, 6, 8], "texture": "#4"},
				"up": {"uv": [4, 4, 2, 0], "texture": "#4"},
				"down": {"uv": [6, 0, 4, 4], "texture": "#4"}
			}
		},
		{
			"name": "head",
			"from": [3.75, 23, 3.75],
			"to": [12.25, 31.5, 12.25],
			"faces": {
				"north": {"uv": [10, 4, 12, 8], "texture": "#4"},
				"east": {"uv": [8, 4, 10, 8], "texture": "#4"},
				"south": {"uv": [14, 4, 16, 8], "texture": "#4"},
				"west": {"uv": [12, 4, 14, 8], "texture": "#4"},
				"up": {"uv": [12, 4, 10, 0], "texture": "#4"},
				"down": {"uv": [14, 0, 12, 4], "texture": "#4"}
			}
		},
		{
			"name": "gold",
			"from": [3, 24, 14.6],
			"to": [13, 31, 14.6],
			"rotation": {"angle": -22.5, "axis": "x", "origin": [0, -1, 0]},
			"faces": {
				"north": {"uv": [4, 11.5, 6.5, 15], "texture": "#4"},
				"east": {"uv": [4, 11.5, 4, 15], "texture": "#4"},
				"south": {"uv": [6.5, 11.5, 9, 15], "texture": "#4"},
				"west": {"uv": [6.5, 11.5, 6.5, 15], "texture": "#4"},
				"up": {"uv": [6.5, 11.5, 4, 11.5], "texture": "#4"},
				"down": {"uv": [9, 11.5, 6.5, 11.5], "texture": "#4"}
			}
		},
		{
			"name": "left_fin",
			"from": [10.5, 26, 11.5],
			"to": [10.5, 32, 16.5],
			"rotation": {"angle": 22.5, "axis": "y", "origin": [-2, 0, 5]},
			"faces": {
				"north": {"uv": [11.5, 10.5, 11.5, 13.5], "texture": "#4"},
				"east": {"uv": [10.25, 10.5, 11.5, 13.5], "texture": "#4"},
				"south": {"uv": [12.75, 10.5, 12.75, 13.5], "texture": "#4"},
				"west": {"uv": [11.5, 10.5, 12.75, 13.5], "texture": "#4"},
				"up": {"uv": [11.5, 10.5, 11.5, 8], "texture": "#4"},
				"down": {"uv": [11.5, 8, 11.5, 10.5], "texture": "#4"}
			}
		},
		{
			"name": "right_fin",
			"from": [6.5, 26, 6.1],
			"to": [6.5, 32, 11.1],
			"rotation": {"angle": -22.5, "axis": "y", "origin": [4, 0, 0]},
			"faces": {
				"north": {"uv": [11.5, 10.5, 11.5, 13.5], "texture": "#4"},
				"east": {"uv": [10.25, 10.5, 11.5, 13.5], "texture": "#4"},
				"south": {"uv": [12.75, 10.5, 12.75, 13.5], "texture": "#4"},
				"west": {"uv": [11.5, 10.5, 12.75, 13.5], "texture": "#4"},
				"up": {"uv": [11.5, 10.5, 11.5, 8], "texture": "#4"},
				"down": {"uv": [11.5, 8, 11.5, 10.5], "texture": "#4"}
			}
		}
	],
	"groups": [
		{
			"name": "layer1",
			"origin": [8, 24, 8],
			"color": 0,
			"children": [0, 1, 2, 3, 4]
		}
	],	
	"display": {
		"head": {
			"scale": [1.85, 1.85, 1.85],
			"translation": [0, -36, 0]
		}
	}
}